ServiceNo,StopSequence,BusStopCode,Description,MRTBusStop,MRTLine,average_passenger_volume,Latitude,Longitude,outcome
16,1,84009,Bedok Int,1,['East-West Line'],1754592.3333333333,1.32453874317344,103.9290381851584,keep
16,2,84139,Panasonic,0,,22068.666666666668,1.321745,103.92772,keep
16,3,84129,Fujitec S'pore Ltd,0,,25292.333333333332,1.31875790465263,103.93158674239623,keep
16,4,84151,Casafina,0,,42544.0,1.31656999665769,103.93334015990408,keep
16,5,93099,Siglap Sth CC,0,,21287.666666666668,1.31390444400831,103.93171138898548,keep
16,6,93089,Opp Goodwill Ct,0,,29059.0,1.31295810131062,103.92790605020116,keep
16,7,93079,Opp Springvale,0,,37919.666666666664,1.31250502315071,103.9250247698478,keep
16,8,93129,Bef Sekolah Indonesia,0,,7626.333333333333,1.31135799079971,103.92481225868325,keep
16,9,93029,Mandarin Gdns,0,,52349.666666666664,1.30851455788092,103.92471047692146,keep
16,10,93019,Neptune Ct,0,,45731.0,1.30787614366531,103.92111718654822,keep
16,11,92089,Marine Terr Stn/Katong Convent,1,['Thomson-East Coast Line'],24849.0,1.3071917122941,103.91764721757994,keep
16,12,92211,CHIJ Katong Convent (Sec),0,,19434.333333333332,1.30595638898755,103.91698861102066,keep
16,13,92221,Blk 19,0,,30896.333333333332,1.30496423786628,103.9149355888594,keep
16,14,92231,Blk 34,0,,41756.666666666664,1.30425500081318,103.9123223933556,keep
16,15,92069,Tao Nan Sch,0,,50860.333333333336,1.30566306799291,103.9110051545323,keep
16,16,92059,Marine Pde Stn Exit 6,1,['Thomson-East Coast Line'],64656.333333333336,1.304086,103.907533,keep
16,17,92181,112 Katong,0,,22664.333333333332,1.30528972611328,103.9053499793448,remove
16,18,92171,Marshall Lane,0,,24737.333333333332,1.30837865741776,103.90304313394574,remove
16,19,82139,Maranatha Hall,0,,25351.666666666668,1.30938972202558,103.8993688889806,remove
16,20,82129,Tg Katong Sec Sch,0,,24878.0,1.30943460005849,103.8966101212743,remove
16,21,81199,BEF OLD AIRPORT RD,0,,11156.0,1.30862937328019,103.8906311270188,remove
16,22,81189,Dakota Stn Exit B/Blk 60,1,['Circle Line'],132059.33333333334,1.30821308595952,103.88850877408412,keep
16,23,81179,Blk 22,0,,36654.0,1.30726086825664,103.88490711001796,keep
16,24,80141,Opp S.A. Deaf,0,,37810.666666666664,1.30711835522323,103.87989373246153,keep
16,25,80219,Natl Stadium,0,,7466.666666666667,1.30674381370885,103.875264139574,keep
16,26,80169,Nicoll Highway Stn,1,['Circle Line'],27688.0,1.30070547633658,103.86336013257063,keep
16,27,80159,Suntec City,0,,50022.333333333336,1.295962316986,103.8579517489622,keep
16,28,4111,Capitol Bldg,0,,79376.0,1.29395444170081,103.85139096636622,keep
16,29,4121,SMU,0,,81909.0,1.29618544092334,103.84958029974612,keep
16,30,8041,YMCA,0,,118890.66666666669,1.29811014243867,103.84780636909544,keep
16,31,8031,Dhoby Ghaut Stn Exit B,1,"['North-South Line', 'Circle Line', 'North-East Line']",177667.66666666666,1.29831153783592,103.8452569595532,keep
16,32,8111,Winsland Hse,0,,91555.33333333331,1.29986928715834,103.84093746088924,keep
16,33,8121,Somerset Stn,1,['North-South Line'],236871.66666666663,1.30027569326586,103.83877618459664,keep
16,34,9059,Somerset Youth Pk,0,,53530.333333333336,1.30044251755834,103.8362380421602,keep
16,35,9022,ORCHARD STN EXIT 13,0,,181057.33333333337,1.30252834773643,103.83239784275958,keep
16,36,13199,AFT ORCHARD STN EXIT 12,0,,40502.0,1.302127,103.829875,keep
16,37,13159,Bef Zion Full Gospel Ch,0,,22784.0,1.29796011528522,103.83053183555204,keep
16,38,13139,The Trillium,0,,55551.333333333336,1.2950426189642,103.83205533028764,keep
16,39,13119,Opp Great World City,0,,12992.0,1.293615,103.832759,keep
16,40,6129,Grand Copthorne Hotel,0,,24396.0,1.29078162052352,103.83440916705554,keep
16,41,6069,Aft Furama RiverFront,0,,21970.0,1.28623157720487,103.83496162445664,keep
16,42,6051,Blk 55,0,,83836.0,1.28475980959972,103.83405671725488,keep
16,43,10141,Blk 18,0,,102106.33333333331,1.28583847140468,103.83238179897587,keep
16,44,10151,Ctrl Green Condo,0,,57988.333333333336,1.28572048365401,103.8285292287095,keep
16,45,10161,Opp Tiong Bahru Stn/Plaza,1,['East-West Line'],425260.0,1.28593135445772,103.82668969231534,keep
16,46,10171,Opp Tiong Bahru Pk,0,,21010.666666666668,1.28736808047078,103.82346004890805,keep
16,47,10359,Opp Blk 95C,0,,16815.0,1.28723833324362,103.82259298997768,keep
16,48,10349,Blk 116,0,,104017.66666666669,1.284977,103.821011,keep
16,49,10009,Bt Merah Int,0,,378351.0,1.28210155945393,103.81722480263164,keep
16,50,10341,Opp Blk 116,0,,56263.333333333336,1.28484639603431,103.82059301467888,keep
16,51,10351,Blk 95B,0,,44591.0,1.28675501760897,103.82204990181914,keep
16,52,10179,Tiong Bahru Pk,0,,17882.0,1.28722333302937,103.82395833301354,keep
16,53,10169,Tiong Bahru Stn/Plaza,1,['East-West Line'],508399.0,1.28599961406266,103.82748123930962,keep
16,54,10149,Blk 1,0,,114409.33333333331,1.28606797463712,103.83283384311112,keep
16,55,6071,HAVELOCK STN EXIT 2,0,,46567.333333333336,1.28685859481289,103.83360028266564,keep
16,56,6081,HAVELOCK STN EXIT 3,0,,18214.0,1.28837086415387,103.83349881780524,keep
16,57,6131,Aft Blk 87,0,,19066.666666666668,1.29152472200833,103.83222750001508,keep
16,58,13121,Opp Great World City,0,,71199.0,1.29409221679274,103.8308377640795,keep
16,59,13141,Aft Zion Full Gospel Ch,0,,30036.0,1.29763682834545,103.82997986347917,keep
16,60,13191,OPP ORCHARD STN EXIT 12,0,,48616.0,1.302461,103.8297819,keep
16,61,9048,Orchard Stn/Lucky Plaza,1,"['Thomson-East Coast Line', 'North-South Line']",267663.3333333333,1.30386684425114,103.83413070051408,keep
16,62,9038,Opp Somerset Stn,1,['North-South Line'],167215.33333333334,1.30154262450563,103.83852481842337,keep
16,63,8138,Concorde Hotel S'pore,0,,116284.66666666669,1.3004785730821,103.84184700607597,keep
16,64,8057,Dhoby Ghaut Stn,1,"['North-South Line', 'Circle Line', 'North-East Line']",358757.6666666667,1.29930997279734,103.84529021429744,keep
16,65,8069,Bencoolen Stn Exit B,1,['Downtown Line'],166238.33333333334,1.29821382250893,103.84936128375956,keep
16,66,4179,Aft Bras Basah Stn Exit A,1,['Circle Line'],59010.0,1.29647916306741,103.85147164487202,keep
16,67,2049,Raffles Hotel,0,,86640.33333333333,1.29452091230981,103.85402155505172,keep
16,68,80151,Opp Suntec City,0,,40842.333333333336,1.296265,103.857666,keep
16,69,80161,Opp Nicoll Highway Stn,1,['Circle Line'],32170.666666666668,1.30032715605093,103.8624541086332,keep
16,70,80211,Opp Natl Stadium,0,,11996.0,1.30712803633755,103.87548108759091,keep
16,71,80149,S.A. Deaf,0,,48139.666666666664,1.3074963710946,103.8798058337351,keep
16,72,81171,Blk 39,0,,75859.66666666667,1.30751703730041,103.88500750064324,keep
16,73,81181,Dakota Stn Exit A/Blk 99,1,['Circle Line'],127141.0,1.30845544825732,103.88847214403827,keep
16,74,81191,AFT OLD AIRPORT RD,0,,6448.0,1.30913166702397,103.89180000002516,remove
16,75,82121,Questa @ Dunman,0,,23739.333333333332,1.30965150589688,103.8965764453886,remove
16,76,82131,Opp Maranatha Hall,0,,34413.333333333336,1.30955979607535,103.90034889101835,remove
16,77,92179,Aft Duku Rd,0,,21205.666666666668,1.30803621256234,103.90349800941956,remove
16,78,92189,Opp 112 Katong,0,,18944.0,1.3047647219741,103.90592361097,remove
16,79,92051,Marine Pde Stn Exit 4,1,['Thomson-East Coast Line'],44605.666666666664,1.30461834682389,103.90783296450576,keep
16,80,92061,CHIJ Katong Convent (Pr),0,,64060.666666666664,1.30585304722559,103.91059595623032,keep
16,81,92239,Blk 45,0,,81807.66666666667,1.30438002120698,103.9126611094076,keep
16,82,92071,Marine Terr Stn Exit 4,1,['Thomson-East Coast Line'],86869.66666666667,1.306815,103.914746,keep
16,83,92081,St. Patrick's Sec Sch,0,,31975.0,1.30751338586806,103.91754269765208,keep
16,84,93011,Opp Neptune Ct,0,,36256.666666666664,1.30822971200422,103.92151900444856,keep
16,85,93021,Opp Mandarin Gdns,0,,42425.666666666664,1.30867772794032,103.92426998119755,keep
16,86,93121,Opp Sekolah Indonesia,0,,7369.0,1.31088501240237,103.92498850824488,keep
16,87,93071,Crescendo Bldg,0,,38722.0,1.31293014528666,103.92634861688488,keep
16,88,93081,Opp Chiang Ct,0,,20881.666666666668,1.31342707975776,103.92903327944508,keep
16,89,93091,Opp Siglap Sth CC,0,,15448.0,1.31398835332345,103.93157431388184,keep
16,90,84159,Opp Casafina/Temasek JC,0,,43871.666666666664,1.31664972197451,103.93304055596909,keep
16,91,84121,Aft Bedok Sth Ave 1,0,,22045.666666666668,1.318437,103.931033,keep
16,92,84131,Opp Panasonic,0,,14497.666666666666,1.3214133317439,103.92757312069912,keep
16,93,84009,Bedok Int,1,['East-West Line'],1754592.3333333333,1.32453874317344,103.9290381851584,keep
170,1,1109,Queen St Ter,0,,5654.333333333333,1.30358577565355,103.85650372998224,keep
170,2,7529,JLN BESAR STN EXIT A,0,,106215.66666666669,1.30431906266143,103.85501564257024,keep
170,3,7531,Rochor Stn,1,['Downtown Line'],124727.0,1.30365644370093,103.8525732326128,keep
170,4,40011,LITTLE INDIA STN EXIT A,0,,163194.0,1.30606411522588,103.84908751469008,keep
170,5,40271,Opp KK Women & Child Hosp,0,,11557.666666666666,1.30880664936794,103.8463464537845,keep
170,6,40021,BEF WINSTEDT RD,0,,18235.333333333332,1.311033889,103.8427911,keep
170,7,40031,Newton FC,0,,25081.333333333332,1.31178509472011,103.8409835964132,keep
170,8,40041,Newton Stn Exit C,1,"['North-South Line', 'Downtown Line']",63050.0,1.3137222313328,103.83809742560602,keep
170,9,40051,Balmoral Plaza,0,,57173.666666666664,1.31588,103.83632,keep
170,10,40111,Ferrell Residences,0,,37476.333333333336,1.31806499998598,103.83262555597636,keep
170,11,40071,Leng Kwang Baptist Ch,0,,21511.0,1.31918027796911,103.829213610999,keep
170,12,40081,STEVENS STN EXIT 1,0,,50763.333333333336,1.32012951912406,103.82605259642706,keep
170,13,40091,Bef Lewis Rd,0,,13193.666666666666,1.32101807290903,103.82350944419166,keep
170,14,41011,NUS Bt Timah Campus,0,,17654.333333333332,1.32235611101422,103.81891666700088,keep
170,15,41021,Botanic Gdns Stn,1,"['Circle Line ', 'Downtown Line']",98491.33333333331,1.32264999998361,103.81554000003176,keep
170,16,41031,Bef Crown Ctr,0,,29570.333333333332,1.3230683576264,103.811977237669,keep
170,17,41041,Coronation Plaza,0,,69590.0,1.32398472197176,103.8102991670086,keep
170,18,41051,Tan Kah Kee Stn,1,['Downtown Line'],66498.33333333333,1.32612500001248,103.80715333299844,keep
170,19,41061,Chinese High Sch,0,,12021.333333333334,1.32705333303352,103.80572472199287,keep
170,20,41071,Opp Natl JC,0,,93423.0,1.328988333013,103.80266277802424,keep
170,21,41081,Sixth Ave Stn,1,['Downtown Line'],86427.0,1.33082323351422,103.79727250094408,keep
170,22,42011,Sixth Ave Ctr,0,,39400.0,1.33161452117352,103.79503057628676,keep
170,23,42021,Aft Maple Ave,0,,8640.0,1.33254537683925,103.79237058676011,keep
170,24,42031,The Tessarina,0,,47010.0,1.33332611108217,103.78997500000864,keep
170,25,42041,The Nexus,0,,66967.33333333333,1.33442500001261,103.78689111113574,keep
170,26,42051,King Albert Pk Stn,1,['Downtown Line'],166475.0,1.33598305556873,103.78263611110306,keep
170,27,42061,King Albert Pk,0,,27081.333333333332,1.33687567142278,103.78038743713434,keep
170,28,42071,Pei Hwa Presby Pr Sch,0,,145039.66666666666,1.33876225175982,103.77694915592028,keep
170,29,42091,Beauty World Stn Exit B,1,['Downtown Line'],151231.0,1.34278636864291,103.77539033846315,keep
170,30,42111,WOH HUP BLDG,0,,23875.333333333332,1.34584805601375,103.77262861101016,keep
170,31,43011,Bt Regency,0,,18266.333333333332,1.347407,103.771195,keep
170,32,43021,Aft Old Jurong Rd,0,,18475.333333333332,1.35132007773328,103.76979529427526,keep
170,33,43041,Hume Pk Condo,0,,27131.0,1.35582940983395,103.76845331635312,keep
170,34,43051,Opp The Rail Mall,0,,28050.666666666668,1.35910148170791,103.76705036241354,keep
170,35,43061,Hillview Stn,1,['Downtown Line'],79823.33333333333,1.36301133873589,103.76739148459212,keep
170,36,43071,Opp Dairy Farm Rd,0,,4890.666666666667,1.36511351504744,103.76698012950052,remove
170,37,43081,Opp Assumption Eng Sch,0,,18143.666666666668,1.36704277799302,103.76572777796798,remove
170,38,43091,Bef Cashew Stn,1,['Downtown Line'],7955.0,1.36863253283887,103.76474109358476,keep
170,39,43111,Min Of Defence,0,,11942.333333333334,1.37229972154626,103.76298146518724,remove
170,40,44011,Opp The Linear,0,,4864.666666666667,1.37448606693865,103.76257120089846,remove
170,41,44021,Bt Panjang Stn Exit B,1,['Downtown Line'],129250.0,1.37820722702851,103.76172178111382,keep
170,42,44041,Junction 10,0,,82499.0,1.3809505774787,103.7603697770399,remove
170,43,44051,Opp Blk 632 CP,0,,19678.333333333332,1.38440811744123,103.7580197670318,remove
170,44,43991,OPP BLK 635A,0,,10103.333333333334,1.386207,103.7565,remove
170,45,44061,Bef Yew Tee Flyover,0,,6954.666666666667,1.38792499938306,103.7553863903753,remove
170,46,45011,Aft Yew Tee Flyover,0,,11078.666666666666,1.3902154350718,103.75455779683573,remove
170,47,45021,Heavy Veh Pk,0,,18011.666666666668,1.39385694401888,103.75383583300304,remove
170,48,45031,Yew Tee Ind Est,0,,5781.333333333333,1.39623361717149,103.75421868895825,remove
170,49,45041,Thong Huat Bros Pte Ltd,0,,4654.333333333333,1.40062703005588,103.7555616076716,remove
170,50,45051,Da Di Glass,0,,23493.0,1.403385556,103.7560103,remove
170,51,45061,Opp Mandai Est,0,,85635.33333333333,1.40718111138275,103.75606300126093,remove
170,52,45071,Bef Mandai Rd,0,,28170.666666666668,1.40955433592964,103.75568311864468,remove
170,53,45091,Opp Jln Bumbong,0,,3691.6666666666665,1.41421866753882,103.75523144616068,remove
170,54,45101,Aft LP 234,0,,732.6666666666666,1.41863235748269,103.75457151987824,remove
170,55,45111,Opp Kranji War Memorial,0,,1104.3333333333333,1.42170099129292,103.75566245596836,remove
170,56,45121,Opp S'pore Turf Club,0,,10198.333333333334,1.42402638898738,103.75863222200964,remove
170,57,45131,Opp Kranji Stn,1,['North-South Line'],168158.33333333334,1.42513583961154,103.76103770449444,keep
170,58,46021,Bef W'Lands Ind Pk D St 2,0,,940.0,1.42919861102901,103.76175138901188,keep
170,59,46031,Kranji Lodge 1,0,,7274.0,1.4335562926407,103.7619231548512,keep
170,60,46041,Opp Globalfoundries,0,,2536.6666666666665,1.43664137008987,103.76405579624996,keep
170,61,46051,Bef BKE,0,,5564.0,1.43897086088179,103.76640888181257,keep
170,62,46069,W'Lands Train Checkpt,0,,752481.0,1.44288948418349,103.769338337993,keep
170,63,46088,Blk 25,0,,77899.33333333333,1.44180914262822,103.7710866059444,keep
170,64,46101,W'Lands Checkpt,0,,1236561.3333333333,1.44460832436456,103.76774882217022,keep
170,65,46211,Johor Bahru Checkpt,0,,682563.3333333334,1.46491732433248,103.76547712149444,keep
170,66,46239,Larkin Ter,0,,53685.0,1.49390379286364,103.74403292148666,keep
170,67,46219,Johor Bahru Checkpt,0,,498936.3333333333,1.4654268105665,103.76826657164716,keep
170,68,46109,W'Lands Checkpt,0,,992754.0,1.44694093553778,103.76925342517902,keep
170,69,46069,W'Lands Train Checkpt,0,,752481.0,1.44288948418349,103.769338337993,keep
170,70,46088,Blk 25,0,,77899.33333333333,1.44180914262822,103.7710866059444,keep
170,71,46091,Bef Bke,0,,709.6666666666666,1.43960616363191,103.77010864564294,keep
170,72,46059,Globalfoundries/Aft Bke,0,,16753.666666666668,1.4387537800127,103.76656472079624,keep
170,73,46049,Globalfoundries,0,,4611.0,1.43709,103.76476,keep
170,74,46039,Opp Kranji Lodge 1,0,,27134.0,1.4330873187738,103.7620018061692,keep
170,75,46029,Aft W'Lands Ind Pk D St 2,0,,13765.333333333334,1.42861423605127,103.76226643430736,keep
170,76,45139,Kranji Stn,1,['North-South Line'],689460.3333333334,1.42525961270458,103.76178101875855,keep
170,77,45129,S'pore Turf Club,0,,6118.666666666667,1.42382925070118,103.75863462427267,remove
170,78,45119,Kranji War Memorial,0,,1377.0,1.42181345656216,103.7559772935124,remove
170,79,45109,Bef Jln Bumbong,0,,950.6666666666666,1.41785797439114,103.75478033541316,remove
170,80,45099,Aft Jln Bumbong,0,,4299.666666666667,1.41341731294698,103.75591307485898,remove
170,81,45079,Aft Mandai Rd,0,,42636.0,1.40959346067748,103.75588199006808,remove
170,82,45069,Aft Mandai Est,0,,75311.33333333333,1.4069390779681,103.75626773948964,remove
170,83,45059,Opp Da Di Glass,0,,24462.0,1.40340952558706,103.75620896675814,remove
170,84,45049,Opp Yew Tee Ind Est Blk 1,0,,12176.333333333334,1.39773638898124,103.75499277801016,remove
170,85,45039,Opp Yew Tee Ind Est,0,,1920.3333333333333,1.39585817355572,103.75427816224408,remove
170,86,45029,Opp Heavy Veh Pk,0,,14575.0,1.39303959514259,103.75414864750223,remove
170,87,44999,Bef Yew Tee Flyover,0,,5642.0,1.391239722,103.7545111,remove
170,88,45019,Aft Yew Tee Flyover,0,,6356.666666666667,1.38829923721056,103.75553944051408,remove
170,89,44069,Aft KJE Slip Rd,0,,33809.666666666664,1.38592018696626,103.75717769160772,remove
170,90,44059,Blk 632 CP,0,,25698.333333333332,1.38449631673384,103.7581759562914,remove
170,91,44049,Opp Junction 10,0,,51321.333333333336,1.38103523807931,103.7608578414621,remove
170,92,44029,Bt Panjang Stn Exit A/Lrt,1,['Downtown Line'],313438.6666666667,1.37863409952448,103.7621954983533,keep
170,93,44019,The Linear,0,,5988.0,1.37651095528157,103.7625299525816,remove
170,94,43119,Bef Hazel Pk Terr,0,,21592.0,1.37337830995776,103.76300821940876,remove
170,95,43109,Cashew Stn,1,['Downtown Line'],19189.333333333332,1.37043731031208,103.76391083181434,keep
170,96,43099,Assumption Pathway Sch,0,,22068.666666666668,1.36872205121157,103.76498636840049,keep
170,97,43089,Aft Assumption Eng Sch,0,,33525.333333333336,1.36705664197789,103.76608527288596,keep
170,98,43069,HILLVIEW STN EXIT A,0,,91975.66666666669,1.36296778241046,103.76768583722072,keep
170,99,43059,The Rail Mall,0,,24157.333333333332,1.359408611,103.7674364,keep
170,100,43049,Opp Hume Pk Condo,0,,19141.0,1.3556996199834,103.76885141403912,keep
170,101,43029,Opp The Hillside,0,,13074.666666666666,1.35218580086883,103.77000849173528,keep
170,102,43019,Springdale Condo,0,,38354.333333333336,1.348201944,103.7710775,keep
170,103,42119,Southaven II,0,,25057.666666666668,1.34582513057916,103.77330275765884,keep
170,104,42099,Beauty World Stn Exit A,1,['Downtown Line'],111638.66666666669,1.34160317659437,103.77579384383286,keep
170,105,42079,Opp Pei Hwa Presby Pr Sch,0,,38706.0,1.339255,103.776989,keep
170,106,42059,Opp King Albert Pk Stn,1,['Downtown Line'],168622.0,1.33679896138996,103.78180146215335,keep
170,107,42049,Hua Guan Gdns,0,,6079.0,1.33580349277905,103.7846322701164,remove
170,108,42039,Opp The Nexus,0,,41857.0,1.33474752657285,103.7877986922408,remove
170,109,42029,Aft Swiss Club Rd,0,,18195.333333333332,1.33325151466609,103.79206171859214,remove
170,110,42019,Opp Sixth Ave Stn,1,['Downtown Line'],54609.666666666664,1.33170368135595,103.79657033601988,keep
170,111,41089,Aft Jln Naga Sari,0,,14433.0,1.33044921085796,103.79993319513189,keep
170,112,41079,Natl JC,0,,81005.33333333333,1.32940305598521,103.80304777797754,keep
170,113,41069,Opp Tan Kah Kee Stn,1,['Downtown Line'],71496.33333333333,1.32652777798065,103.80758583296918,keep
170,114,41049,Opp Coronation Plaza,0,,49386.666666666664,1.32469500003392,103.81026249997409,keep
170,115,41029,Opp Botanic Gdns Stn,1,"['Circle Line ', 'Downtown Line']",47137.0,1.32333331915013,103.81630566925632,keep
170,116,41019,Aft Kheam Hock Rd,0,,14294.666666666666,1.32267444098276,103.8202523287724,remove
170,117,40099,Aft Dunkirk Ave,0,,7549.666666666667,1.32185235205471,103.82344007494515,remove
170,118,40089,AFT STEVENS STN EXIT 5,0,,17512.666666666668,1.320510556,103.8273903,remove
170,119,40079,Bef Swiss Cottage Est,0,,6106.0,1.3197216415795,103.8299145659947,remove
170,120,40119,Bef Goldhill Ave,0,,16979.333333333332,1.31889734253426,103.83249521257974,remove
170,121,40069,Anglo-Chinese Sch,0,,39176.333333333336,1.31830398893217,103.83435129198834,remove
170,122,40059,Chancery Ct,0,,13609.333333333334,1.31662138896806,103.83634361100415,remove
170,123,40049,Opp Newton Stn Exit C,1,"['North-South Line', 'Downtown Line']",28386.666666666668,1.31402305600959,103.83884638900086,keep
170,124,40039,Opp Newton FC,0,,24643.333333333332,1.31230305602353,103.8407255559936,remove
170,125,40029,Aft Makepeace Rd,0,,9378.333333333334,1.31142305600915,103.84265999998344,remove
170,126,40279,Kk Women & Children Hosp,0,,32848.0,1.30981925741503,103.8460393043403,remove
170,127,40019,Little India Stn,1,"['North-East Line', 'Downtown Line']",277053.6666666667,1.30664404460339,103.84920416709382,keep
170,128,7539,Bef Rochor Stn Exit B,1,['Downtown Line'],74826.66666666667,1.30461300741211,103.8520009720951,keep
170,129,1109,Queen St Ter,0,,5654.333333333333,1.30358577565355,103.85650372998224,keep
200,1,11379,Buona Vista Ter,0,,3890.0,1.30917002463976,103.79236323128612,keep
200,2,11381,Blk 10A,0,,36832.333333333336,1.30841137865065,103.79328294102336,keep
200,3,11181,Opp Blk 43,0,,67390.33333333333,1.30722333300814,103.79227638896938,keep
200,4,11369,Buona Vista Stn Exit D,1,"['Circle Line', 'East-West Line']",194936.66666666663,1.3063259638605,103.79084827741468,keep
200,5,18149,Essec Business Sch,0,,25181.0,1.30253001117245,103.78724143833315,keep
200,6,18129,Ayer Rajah Ind Est,0,,30505.333333333332,1.29776225378985,103.78570767644749,keep
200,7,15139,Kent Ridge Stn Exit B,1,['Circle Line'],37717.666666666664,1.29241000003008,103.7845849999835,keep
200,8,15129,Opp Sci Pk 2/The Gemini,0,,6053.333333333333,1.28916467783169,103.78401870729115,remove
200,9,15119,Opp Sci Pk 2/The Galen,0,,3618.6666666666665,1.28703802671813,103.78501111787652,remove
200,10,15109,LP 30,0,,132.0,1.28591970870508,103.78581066082836,remove
200,11,15099,Natl Leadership Inst,0,,4403.666666666667,1.28305620100972,103.78789349372823,remove
200,12,15079,Aft Lor Sarhad,0,,7761.333333333333,1.28077893732919,103.78682778221344,remove
200,13,15221,Aft Sth Buona Vista Rd,0,,44791.0,1.27949923466491,103.78548955401584,remove
200,14,16201,Barossa Gdns,0,,8620.666666666666,1.28130063164133,103.78410758834184,remove
200,15,16011,Opp Haw Par Villa Stn,1,['Circle Line'],101546.33333333331,1.28277766355314,103.78186930413445,keep
200,16,16021,Opp Gloria Mansion,0,,5652.666666666667,1.28625793147796,103.779810276938,keep
200,17,16031,Opp S'pore Science Pk II,0,,44370.0,1.28800629048399,103.77846479413628,keep
200,18,16041,OPP LUXE VILLE,0,,30713.333333333332,1.2893086506189,103.77660095143266,keep
200,19,16051,The Crystal Tabernacle Ch,0,,9636.666666666666,1.29014861601908,103.77426036615236,keep
200,20,16061,Opp Heng Mui Keng Terr,0,,47897.333333333336,1.29046257201356,103.77356171611028,keep
200,21,16071,Opp Pasir Panjang PO,0,,12099.666666666666,1.29129940835907,103.77117221155989,keep
200,22,16081,Aft Palm Green Condo,0,,33379.333333333336,1.29195777797363,103.76866138900289,keep
200,23,16009,Kent Ridge Ter,0,,69520.66666666667,1.29425341056334,103.76988323197696,keep
200,24,16089,Aft Clementi Rd,0,,36834.333333333336,1.29201138346787,103.7690842071612,keep
200,25,16079,Bef Pasir Panjang PO,0,,13869.666666666666,1.29138264862382,103.77129836184209,keep
200,26,16069,Heng Mui Keng Terr,0,,52998.666666666664,1.290648611,103.7736967,keep
200,27,16059,Jamiyah Halfway Hse,0,,11639.333333333334,1.28967266173408,103.77594136139504,keep
200,28,16049,WHITEHAVEN,0,,33800.333333333336,1.28910696351866,103.77738952047318,keep
200,29,16039,S'pore Science Pk II,0,,44139.0,1.28799020188116,103.77872029260048,keep
200,30,16029,Gloria Mansion,0,,5653.0,1.28608472200879,103.78022138902948,keep
200,31,16019,Haw Par Villa Stn,1,['Circle Line'],124326.0,1.28278078585184,103.78217614858188,keep
200,32,16209,HORIZON RESIDENCES,0,,7981.666666666667,1.28159092769912,103.78400650244838,remove
200,33,15229,Bef Sth Buona Vista Rd,0,,40053.0,1.27937638961898,103.78572727156028,remove
200,34,15071,Opp Lor Sarhad,0,,9070.0,1.28142472197061,103.78701416697068,remove
200,35,15091,Opp Natl Leadership Inst,0,,2849.0,1.28290732015735,103.78781105381566,remove
200,36,15101,Opp LP 31,0,,87.33333333333333,1.28617611097876,103.78562083299964,remove
200,37,15111,Sci Pk 2/The Galen,0,,4165.0,1.28676277798099,103.78484166701072,remove
200,38,15121,Sci Pk 2/The Gemini,0,,5364.666666666667,1.2889414210404,103.78373044277906,remove
200,39,15131,Kent Ridge Stn,1,['Circle Line'],24038.333333333332,1.29254343742409,103.78448903561744,keep
200,40,18121,Opp Ayer Rajah Ind Est,0,,21861.333333333332,1.29751168042934,103.7854209482613,keep
200,41,18141,Aft Anglo-Chinese JC,0,,42102.666666666664,1.30418279677397,103.78788091438994,keep
200,42,11361,Buona Vista Stn Exit C,1,"['Circle Line', 'East-West Line']",250944.66666666663,1.30649698638726,103.79058123542396,keep
200,43,11189,Blk 43,0,,136788.33333333334,1.30740138898924,103.79254222202354,keep
200,44,11389,Buona Vista CC,0,,55245.0,1.30906501014268,103.7929321687807,keep
200,45,11379,Buona Vista Ter,0,,3890.0,1.30917002463976,103.79236323128612,keep
27,1,64009,Hougang Ctrl Int,1,['North-East Line'],860117.3333333334,1.37060695394614,103.89266808874676,keep
27,2,64397,Block 513,0,,13047.666666666666,1.371948,103.890003,keep
27,3,64389,Blk 522,0,,90472.0,1.37313809346006,103.8915681838848,keep
27,4,64379,Punggol CC,0,,9955.0,1.37468500843171,103.8926630612946,keep
27,5,64579,Bet Blks 544/546,0,,36268.333333333336,1.37820828048176,103.89268060309126,keep
27,6,67609,Buangkok Stn Exit A,1,['North-East Line'],322818.0,1.38393305306468,103.8930397853008,keep
27,7,67261,Blk 203B,0,,32128.666666666668,1.3865874133088,103.89464206866457,keep
27,8,67209,Blk 203,0,,47912.666666666664,1.38690839585967,103.89618101813248,keep
27,9,67199,Opp Blk 223D,0,,41921.666666666664,1.3889487081629,103.89689165133598,keep
27,10,67189,Opp Blk 241,0,,56289.666666666664,1.39059955869523,103.89742612835978,keep
27,11,67249,Blk 259C,0,,32198.333333333332,1.39376571527248,103.89850423466406,keep
27,12,67259,Compassvale Stn Exit B,0,,67355.33333333333,1.39465386086721,103.90046238900584,keep
27,13,65061,Blk 298A,0,,210786.0,1.39490129020977,103.9018594759131,keep
27,14,65199,Aft Punggol Rd,0,,671213.3333333334,1.39591721161169,103.90542736761212,keep
27,15,75359,IKEA Tampines/Aft TPE,0,,155221.66666666666,1.37438650022455,103.93147946559002,keep
27,16,75369,Bef Tampines Lk,0,,22969.0,1.37079630405212,103.93056528604264,keep
27,17,75319,Aft Tampines Lk,0,,30346.666666666668,1.367593,103.931091,keep
27,18,75299,Bef Tampines Ave 9,0,,34602.0,1.364115,103.931119,keep
27,19,75289,Opp Blks 741/742,0,,30417.333333333332,1.36045667202312,103.93331674675824,keep
27,20,75279,Opp Blk 721,0,,103675.0,1.3604749400553,103.93620400344062,keep
27,21,76549,Opp Citylife@ Tampines,0,,94195.66666666669,1.360559,103.940515,keep
27,22,76191,BLK 401,0,,287936.6666666667,1.3569438864901,103.94477445426702,keep
27,23,76149,Opp Tampines Stn/Int,1,"['Downtown Line', 'East-West Line']",111480.66666666669,1.35370728527221,103.94636710560508,keep
27,24,76139,Opp Century Sq,0,,136221.33333333334,1.35162691843499,103.94385009279505,keep
27,25,76069,Blk 147,0,,149446.0,1.34875342114003,103.94208629087404,keep
27,26,95151,Airport Police Stn,0,,88523.0,1.34209640049942,103.98181795541136,keep
27,27,95011,Aft Aircraft Flyover,0,,11354.0,1.34719486317101,103.98406055558527,keep
27,28,95109,Changi Airport Ter 3,0,,319631.0,1.35650049529119,103.986352337828,keep
27,29,95029,Changi Airport Ter 1,0,,423749.3333333333,1.36126748727797,103.99069984684058,keep
27,30,95129,Changi Airport Ter 2,0,,147354.33333333334,1.35509298857124,103.9892195407387,keep
27,31,95019,Aft Changi Airport Ter 2,0,,21389.666666666668,1.34794299896363,103.98488339642644,keep
27,32,95159,Near SATS Flight Kitchen,0,,74118.66666666667,1.34191465289349,103.98225051798303,keep
27,33,76061,Blk 938,0,,166023.33333333334,1.3482019444416,103.94189805552269,keep
27,34,76131,UOB Tampines Ctr,0,,128999.66666666669,1.35184112001279,103.94254133694142,keep
27,35,76141,Tampines Stn/Int,1,"['Downtown Line', 'East-West Line']",220452.33333333337,1.35366689109025,103.94609060451609,keep
27,36,76199,BLK 503,0,,295995.0,1.35660016333768,103.94535428432116,keep
27,37,76541,Citylife@ Tampines,0,,72760.0,1.360247,103.940633,keep
27,38,75271,Blk 721,0,,81937.66666666667,1.36024833439953,103.93601495043112,keep
27,39,75281,Blk 742A,0,,50229.0,1.36022789260467,103.93363809095122,keep
27,40,75291,Aft Tampines Ave 9,0,,39427.666666666664,1.364015,103.930753,keep
27,41,75311,Bef Tampines Lk,0,,46567.666666666664,1.367478,103.930734,keep
27,42,75361,Bef Tampines Ind Ave 5,0,,28897.666666666668,1.3706441545828,103.93030234430374,keep
27,43,75351,Tampines Wafer Fab Pk,0,,121821.33333333331,1.37364163782281,103.93077504302,keep
27,44,65191,Bef Punggol Rd,0,,722534.0,1.39527356921611,103.90539999997036,keep
27,45,65069,Blk 190C,0,,207589.0,1.39504382175966,103.90236824858532,keep
27,46,67251,Compassvale Stn Exit A,0,,64943.0,1.39442862205324,103.9003121852631,keep
27,47,67241,Blk 248A,0,,28716.333333333332,1.39299612191324,103.89844142173672,keep
27,48,67181,Blk 240,0,,70708.0,1.39101786005668,103.897780179965,keep
27,49,67191,Blk 223D,0,,57033.666666666664,1.38908889970693,103.89710881285436,keep
27,50,67201,Blk 206A,0,,50368.666666666664,1.38669709800422,103.89628892246895,keep
27,51,67269,Opp Blk 203A,0,,18749.0,1.38605407647483,103.89513364231524,keep
27,52,67601,Buangkok Stn Exit B,1,['North-East Line'],306318.6666666667,1.38334470717282,103.8932683273077,keep
27,53,64571,Blk 438,0,,28281.333333333332,1.37811157042732,103.89296494237696,remove
27,54,64371,Opp Punggol CC,0,,12888.666666666666,1.37447444021165,103.89289427356104,remove
27,55,64381,Hougang Stn Exit C,1,['North-East Line'],181261.66666666663,1.37288245131287,103.89170384962593,keep
27,56,64391,Blk 831,0,,26539.0,1.37145414929063,103.8897657394618,keep
27,57,64009,Hougang Ctrl Int,1,['North-East Line'],860117.3333333334,1.37060695394614,103.89266808874676,keep
31,1,75009,Tampines Int,1,"['Downtown Line', 'East-West Line']",2562660.6666666665,1.35407552367477,103.94339098473914,keep
31,2,76059,Opp Our Tampines Hub,0,,154513.33333333334,1.35296163572491,103.94165154852796,keep
31,3,76069,Blk 147,0,,149446.0,1.34875342114003,103.94208629087404,keep
31,4,96289,Changi General Hosp,0,,142896.33333333334,1.34005496226354,103.94838106593956,keep
31,5,96109,Opp Blk 3012,0,,50273.333333333336,1.33737118239889,103.95067333143491,keep
31,6,96119,ITE Coll East Adm Blk,0,,74496.0,1.33373145315305,103.9537488312858,keep
31,7,96019,Aft Simei Ave,0,,8065.0,1.33138833299802,103.95370361097966,keep
31,8,85109,Bef Bedok Rd,0,,20391.333333333332,1.32945523179761,103.95134864429272,keep
31,9,85099,Tanah Merah Stn Exit A,1,"['East-West Line', 'East-West Line ']",353822.6666666667,1.32684437763421,103.94645987386455,keep
31,10,84069,Blk 55,0,,152629.66666666666,1.32548742810424,103.9421901988728,keep
31,11,84059,Blk 65,0,,134190.33333333334,1.32493504095045,103.93953481204564,keep
31,12,84049,Blk 27,0,,174349.33333333334,1.32432719820227,103.93471220144858,keep
31,13,84039,Bedok Stn Exit A,1,['East-West Line'],401433.6666666667,1.32353645344906,103.9288630020348,keep
31,14,84139,Panasonic,0,,22068.666666666668,1.321745,103.92772,keep
31,15,84129,Fujitec S'pore Ltd,0,,25292.333333333332,1.31875790465263,103.93158674239623,keep
31,16,84151,Casafina,0,,42544.0,1.31656999665769,103.93334015990408,keep
31,17,93131,Opp Eastern Lagoon II,0,,30440.333333333332,1.31277833350682,103.93415826027376,keep
31,18,93049,Lagoon View,0,,26040.666666666668,1.31073016722066,103.9329857782451,keep
31,19,93039,Siglap Stn/Laguna Park,1,['Thomson-East Coast Line'],38079.333333333336,1.30958474832555,103.9295415420364,keep
31,20,93201,Victoria Sch,0,,27466.333333333332,1.30920003741893,103.92781269211484,keep
31,21,93029,Mandarin Gdns,0,,52349.666666666664,1.30851455788092,103.92471047692146,keep
31,22,93019,Neptune Ct,0,,45731.0,1.30787614366531,103.92111718654822,keep
31,23,92089,Marine Terr Stn/Katong Convent,1,['Thomson-East Coast Line'],24849.0,1.3071917122941,103.91764721757994,keep
31,24,92079,Marine Terr Stn Exit 1,1,['Thomson-East Coast Line'],87686.66666666667,1.30684575808096,103.91574700260745,keep
31,25,92069,Tao Nan Sch,0,,50860.333333333336,1.30566306799291,103.9110051545323,keep
31,26,92059,Marine Pde Stn Exit 6,1,['Thomson-East Coast Line'],64656.333333333336,1.304086,103.907533,keep
31,27,92049,Marine Pde Stn/Parkway Pde,1,['Thomson-East Coast Line'],314812.3333333333,1.302999,103.905955,keep
31,28,92241,Amber Gdns,0,,65066.0,1.30178441800843,103.9009525469614,keep
31,29,92161,Aft Katong PO,0,,40196.333333333336,1.30380001918907,103.89656923070308,keep
31,30,82071,Opp Tg Katong Girls' Sch,0,,65308.333333333336,1.30725334418948,103.89541128171984,keep
31,31,81199,BEF OLD AIRPORT RD,0,,11156.0,1.30862937328019,103.8906311270188,keep
31,32,81189,Dakota Stn Exit B/Blk 60,1,['Circle Line'],132059.33333333334,1.30821308595952,103.88850877408412,keep
31,33,81179,Blk 22,0,,36654.0,1.30726086825664,103.88490711001796,keep
31,34,80141,Opp S.A. Deaf,0,,37810.666666666664,1.30711835522323,103.87989373246153,keep
31,35,80111,Bef Geylang Rd,0,,16240.666666666666,1.30987138105238,103.87551499911488,keep
31,36,80049,Aft Sims Way,0,,134124.0,1.31077707819718,103.87363663982292,keep
31,37,80101,Kallang Stn/Opp Blk 2C,1,['East-West Line'],178038.0,1.31251933500742,103.87153830811836,keep
31,38,60051,Opp Kallang Pl,0,,44442.333333333336,1.3141464005633,103.86571468040536,keep
31,39,60191,Blk 7,0,,25783.666666666668,1.31718305596849,103.86195722198198,keep
31,40,60121,Boon Keng Stn/Blk 102,1,['North-East Line'],417738.6666666667,1.32008815616383,103.86179781146464,keep
31,41,60141,Opp Bendemeer Pr Sch,0,,101720.66666666669,1.32258753768004,103.86385682733588,keep
31,42,60161,St. Michael's Pl,0,,200282.33333333337,1.32477289725503,103.8655673081052,keep
31,43,60181,Aft Moonstone Lane,0,,16164.0,1.32714561804071,103.86738538742664,keep
31,44,60089,Opp St. Andrew'S Village,0,,135725.66666666666,1.32865054961465,103.86615967295366,keep
31,45,52089,Opp Blk 195,0,,105087.33333333331,1.32991690265608,103.86027368842302,keep
31,46,52321,Aft SAFRA Toa Payoh,0,,69959.33333333333,1.3312589884768,103.8527071071997,keep
31,47,52501,Toa Payoh Swim Cplx,0,,60209.666666666664,1.33090220918791,103.85011762889827,keep
31,48,52009,Toa Payoh Int,1,['North-South Line'],1812367.0,1.33202083385749,103.84692763524868,keep
31,49,52509,Opp Toa Payoh Swim Cplx,0,,112312.0,1.33115712303762,103.85017633434693,keep
31,50,52329,Aft Lor 4 Toa Payoh,0,,49667.333333333336,1.33146817532374,103.85268688199498,keep
31,51,52081,Aft Blk 195,0,,116737.0,1.33081389290944,103.8608407974236,keep
31,52,60081,St. Andrew'S Village,0,,97953.33333333331,1.32931226062177,103.8662910461625,keep
31,53,60179,MOM Svcs Ctr,0,,138814.0,1.32634025655419,103.86834025123764,keep
31,54,60159,Blk 54,0,,146422.66666666666,1.32409476572475,103.86764196002876,keep
31,55,60139,Blk 44,0,,143364.33333333334,1.32204861560134,103.86628982237994,keep
31,56,60119,Opp Boon Keng Stn,1,['North-East Line'],232443.0,1.31880431510648,103.86409707876383,keep
31,57,60059,Bef Kallang Pl,0,,45804.666666666664,1.31434638899368,103.86586250001176,keep
31,58,80109,Opp Kallang Stn/Blk 2C,1,['East-West Line'],114257.33333333331,1.31324473748019,103.871430158598,keep
31,59,80051,Aft Lor 1 Geylang,0,,161250.66666666666,1.31251499997324,103.87326194447364,keep
31,60,80119,Aft Geylang Rd,0,,53893.666666666664,1.30992065473549,103.87599804972947,keep
31,61,80149,S.A. Deaf,0,,48139.666666666664,1.3074963710946,103.8798058337351,keep
31,62,81171,Blk 39,0,,75859.66666666667,1.30751703730041,103.88500750064324,keep
31,63,81181,Dakota Stn Exit A/Blk 99,1,['Circle Line'],127141.0,1.30845544825732,103.88847214403827,keep
31,64,81191,AFT OLD AIRPORT RD,0,,6448.0,1.30913166702397,103.89180000002516,keep
31,65,82079,Tg Katong Girls' Sch,0,,67897.33333333333,1.30801114591342,103.8951960850957,keep
31,66,92169,Bef Katong PO,0,,42367.0,1.303782,103.8967661,keep
31,67,92249,Opp Amber Gdns,0,,75807.0,1.30166304472072,103.9011814962942,keep
31,68,92041,Marine Pde Stn Exit 2,1,['Thomson-East Coast Line'],231700.66666666663,1.30327282994495,103.9058301337522,keep
31,69,92051,Marine Pde Stn Exit 4,1,['Thomson-East Coast Line'],44605.666666666664,1.30461834682389,103.90783296450576,keep
31,70,92061,CHIJ Katong Convent (Pr),0,,64060.666666666664,1.30585304722559,103.91059595623032,keep
31,71,92071,Marine Terr Stn Exit 4,1,['Thomson-East Coast Line'],86869.66666666667,1.306815,103.914746,keep
31,72,92081,St. Patrick's Sec Sch,0,,31975.0,1.30751338586806,103.91754269765208,keep
31,73,93011,Opp Neptune Ct,0,,36256.666666666664,1.30822971200422,103.92151900444856,keep
31,74,93021,Opp Mandarin Gdns,0,,42425.666666666664,1.30867772794032,103.92426998119755,keep
31,75,93031,Siglap Stn/Opp Victoria Sch,1,['Thomson-East Coast Line'],59334.0,1.30983637164414,103.92937539318253,keep
31,76,93041,Hua Xin Ct,0,,20145.0,1.31120679321816,103.9333999156994,keep
31,77,93139,Eastern Lagoon II,0,,22447.333333333332,1.31278641539067,103.9338525622476,keep
31,78,84159,Opp Casafina/Temasek JC,0,,43871.666666666664,1.31664972197451,103.93304055596909,keep
31,79,84121,Aft Bedok Sth Ave 1,0,,22045.666666666668,1.318437,103.931033,keep
31,80,84131,Opp Panasonic,0,,14497.666666666666,1.3214133317439,103.92757312069912,keep
31,81,84031,Bedok Stn Exit B,1,['East-West Line'],641834.0,1.32428292329305,103.93003627080394,keep
31,82,84041,Blk 221A,0,,106864.0,1.3246905167586,103.93468799273931,keep
31,83,84051,Bedok Sports Cplx,0,,95238.33333333331,1.32520077474542,103.93890484697742,keep
31,84,84061,The Tanamera Condo,0,,130541.66666666669,1.32584790501258,103.94223128727673,keep
31,85,85091,Tanah Merah Stn Exit B,1,"['East-West Line', 'East-West Line ']",307545.3333333333,1.32754912682416,103.9463611980576,keep
31,86,85101,Aft Bedok Rd,0,,20197.333333333332,1.32931499760121,103.95071705887575,keep
31,87,96011,Bef Simei Ave,0,,10593.0,1.33167675245972,103.9535299850262,keep
31,88,96111,Opp ITE Coll East Adm Blk,0,,61875.0,1.33365307929022,103.95337833802824,keep
31,89,96101,Blk 3012,0,,66258.0,1.33638500905398,103.9510568939649,keep
31,90,96281,Opp Changi General Hosp,0,,100952.0,1.339714,103.94825,keep
31,91,76061,Blk 938,0,,166023.33333333334,1.3482019444416,103.94189805552269,keep
31,92,76051,Our Tampines Hub,0,,190769.33333333337,1.35313809279079,103.9412639409046,keep
31,93,75009,Tampines Int,1,"['Downtown Line', 'East-West Line']",2562660.6666666665,1.35407552367477,103.94339098473914,keep
36,1,95129,Changi Airport Ter 2,0,,147354.33333333334,1.35509298857124,103.9892195407387,keep
36,2,95019,Aft Changi Airport Ter 2,0,,21389.666666666668,1.34794299896363,103.98488339642644,remove
36,3,95209,Changi Airport Ter 4,0,,56421.333333333336,1.33899412275069,103.98206408704048,remove
36,4,94099,Aft E.C. Sea Sports Club,0,,2760.0,1.31149001305165,103.95030071791084,remove
36,5,93049,Lagoon View,0,,26040.666666666668,1.31073016722066,103.9329857782451,remove
36,6,93039,Siglap Stn/Laguna Park,1,['Thomson-East Coast Line'],38079.333333333336,1.30958474832555,103.9295415420364,keep
36,7,93201,Victoria Sch,0,,27466.333333333332,1.30920003741893,103.92781269211484,keep
36,8,93029,Mandarin Gdns,0,,52349.666666666664,1.30851455788092,103.92471047692146,keep
36,9,93019,Neptune Ct,0,,45731.0,1.30787614366531,103.92111718654822,keep
36,10,92089,Marine Terr Stn/Katong Convent,1,['Thomson-East Coast Line'],24849.0,1.3071917122941,103.91764721757994,keep
36,11,92079,Marine Terr Stn Exit 1,1,['Thomson-East Coast Line'],87686.66666666667,1.30684575808096,103.91574700260745,keep
36,12,92069,Tao Nan Sch,0,,50860.333333333336,1.30566306799291,103.9110051545323,keep
36,13,92059,Marine Pde Stn Exit 6,1,['Thomson-East Coast Line'],64656.333333333336,1.304086,103.907533,keep
36,14,92049,Marine Pde Stn/Parkway Pde,1,['Thomson-East Coast Line'],314812.3333333333,1.302999,103.905955,keep
36,15,92241,Amber Gdns,0,,65066.0,1.30178441800843,103.9009525469614,keep
36,16,92099,One Amber,0,,38093.333333333336,1.3023783312326,103.89900426571224,keep
36,17,82059,Bef Tg Katong Stn Exit 3,1,['Thomson-East Coast Line'],12860.333333333334,1.301379,103.897403,keep
36,19,2149,Suntec Twr Three,0,,12006.666666666666,1.29560459817725,103.85955533029184,remove
36,20,2159,Opp Suntec Convention Ctr,0,,13574.666666666666,1.29360811227161,103.85840672828635,remove
36,21,2089,Promenade Stn/Pan Pacific,1,"['Circle Line', 'Circle Line ', 'Downtown Line']",33065.666666666664,1.29152694444975,103.8592061110504,keep
36,22,2171,Opp The Ritz-Carlton,0,,18051.0,1.29070000003898,103.86092194446034,keep
36,23,2051,The Float @ Marina Bay,0,,10244.333333333334,1.289503056,103.8590339,keep
36,24,2061,The Esplanade,0,,57755.0,1.2899638888957,103.85640388886262,keep
36,25,4111,Capitol Bldg,0,,79376.0,1.29395444170081,103.85139096636622,keep
36,26,4121,SMU,0,,81909.0,1.29618544092334,103.84958029974612,keep
36,27,8041,YMCA,0,,118890.66666666669,1.29811014243867,103.84780636909544,keep
36,28,8031,Dhoby Ghaut Stn Exit B,1,"['North-South Line', 'Circle Line', 'North-East Line']",177667.66666666666,1.29831153783592,103.8452569595532,keep
36,29,8111,Winsland Hse,0,,91555.33333333331,1.29986928715834,103.84093746088924,keep
36,30,8121,Somerset Stn,1,['North-South Line'],236871.66666666663,1.30027569326586,103.83877618459664,keep
36,31,9059,Somerset Youth Pk,0,,53530.333333333336,1.30044251755834,103.8362380421602,keep
36,32,9022,ORCHARD STN EXIT 13,0,,181057.33333333337,1.30252834773643,103.83239784275958,keep
36,33,9111,Opp Four Seasons Hotel,0,,60009.666666666664,1.30453752623147,103.82914529614987,keep
36,34,9191,Aft Cuscaden Rd,0,,15688.0,1.30488653118311,103.82549755834486,keep
36,35,9159,Aft Tomlinson Rd,0,,48196.333333333336,1.30602637557418,103.82568042620603,keep
36,36,9169,Delfi Orchard,0,,119455.66666666669,1.3070135326348,103.82835507326035,keep
36,37,9179,Royal Thai Embassy,0,,123566.0,1.30587966240898,103.83049004618626,keep
36,38,9047,Orchard Stn/Tang Plaza,1,"['Thomson-East Coast Line', 'North-South Line']",228010.66666666663,1.30446065207443,103.83294467208566,keep
36,39,9037,Bef Cairnhill Rd,0,,174815.66666666666,1.3023400420296,103.83701253388185,keep
36,40,8138,Concorde Hotel S'pore,0,,116284.66666666669,1.3004785730821,103.84184700607597,keep
36,41,8057,Dhoby Ghaut Stn,1,"['North-South Line', 'Circle Line', 'North-East Line']",358757.6666666667,1.29930997279734,103.84529021429744,keep
36,42,8069,Bencoolen Stn Exit B,1,['Downtown Line'],166238.33333333334,1.29821382250893,103.84936128375956,keep
36,43,4179,Aft Bras Basah Stn Exit A,1,['Circle Line'],59010.0,1.29647916306741,103.85147164487202,keep
36,44,2049,Raffles Hotel,0,,86640.33333333333,1.29452091230981,103.85402155505172,keep
36,45,2151,Suntec Convention Ctr,0,,102648.33333333331,1.29317776320814,103.85784623004032,keep
36,46,2161,Aft Promenade Stn Exit C,1,"['Circle Line', 'Circle Line ', 'Downtown Line']",24892.333333333332,1.29268553508737,103.86093156188176,keep
36,50,82051,Aft Tg Katong Stn Exit 2,1,['Thomson-East Coast Line'],17227.666666666668,1.30079999936599,103.89740107761654,keep
36,52,92249,Opp Amber Gdns,0,,75807.0,1.30166304472072,103.9011814962942,keep
36,53,92041,Marine Pde Stn Exit 2,1,['Thomson-East Coast Line'],231700.66666666663,1.30327282994495,103.9058301337522,keep
36,54,92051,Marine Pde Stn Exit 4,1,['Thomson-East Coast Line'],44605.666666666664,1.30461834682389,103.90783296450576,keep
36,55,92061,CHIJ Katong Convent (Pr),0,,64060.666666666664,1.30585304722559,103.91059595623032,keep
36,56,92071,Marine Terr Stn Exit 4,1,['Thomson-East Coast Line'],86869.66666666667,1.306815,103.914746,keep
36,57,92081,St. Patrick's Sec Sch,0,,31975.0,1.30751338586806,103.91754269765208,remove
36,58,93011,Opp Neptune Ct,0,,36256.666666666664,1.30822971200422,103.92151900444856,remove
36,59,93021,Opp Mandarin Gdns,0,,42425.666666666664,1.30867772794032,103.92426998119755,remove
36,60,93199,Bef Seaside Residences,0,,4333.333333333333,1.30794833296674,103.92628500000932,remove
36,61,93149,Seaside Residences,0,,4558.333333333333,1.30742050291938,103.9278209209607,remove
36,63,95151,Airport Police Stn,0,,88523.0,1.34209640049942,103.98181795541136,keep
36,64,95011,Aft Aircraft Flyover,0,,11354.0,1.34719486317101,103.98406055558527,remove
36,65,95109,Changi Airport Ter 3,0,,319631.0,1.35650049529119,103.986352337828,keep
36,66,95029,Changi Airport Ter 1,0,,423749.3333333333,1.36126748727797,103.99069984684058,keep
36,67,95129,Changi Airport Ter 2,0,,147354.33333333334,1.35509298857124,103.9892195407387,keep
48,1,84299,Bedok Nth Depot,0,,2.6666666666666665,1.33800081413595,103.94750053856652,keep
48,2,84431,Blk 3014,0,,13537.333333333334,1.33513644378005,103.9502227306511,remove
48,3,85079,Flextronic,0,,21813.0,1.33394889968504,103.9501523198666,remove
48,4,85089,Aft Sungei Bedok,0,,10178.0,1.33338002405472,103.94880327361744,remove
48,5,85069,Bedok Mkt Pl,0,,51754.0,1.3318,103.94738,keep
48,6,85059,Bef Jln Chempaka Kuning,0,,7140.0,1.32950222197902,103.94906611097686,remove
48,7,85099,Tanah Merah Stn Exit A,1,"['East-West Line', 'East-West Line ']",353822.6666666667,1.32684437763421,103.94645987386455,keep
48,8,84101,ECO Condo,0,,60333.0,1.32298200464523,103.94421518494586,keep
48,9,84661,Blk 172,0,,67610.0,1.31992811557233,103.94438908816848,keep
48,10,84671,Aft Blk 156,0,,26985.666666666668,1.31759333301805,103.94509555597207,keep
48,11,94049,Aft Bedok Sth Ave 3,0,,11090.333333333334,1.31616443335073,103.94482108127718,keep
48,12,94089,Calvary Ably Of God Ch,0,,10138.333333333334,1.31536333302999,103.94294138900048,keep
48,13,94039,Opp The Summit,0,,50303.0,1.31485363967239,103.94066333773824,keep
48,14,94029,Aft Sennet Rd,0,,15346.666666666666,1.31453305602342,103.93750499997168,keep
48,15,94019,Opp Evergreen Ave,0,,17361.333333333332,1.3142851610342,103.93574953076752,keep
48,16,93131,Opp Eastern Lagoon II,0,,30440.333333333332,1.31277833350682,103.93415826027376,keep
48,17,93049,Lagoon View,0,,26040.666666666668,1.31073016722066,103.9329857782451,keep
48,18,93039,Siglap Stn/Laguna Park,1,['Thomson-East Coast Line'],38079.333333333336,1.30958474832555,103.9295415420364,keep
48,19,93201,Victoria Sch,0,,27466.333333333332,1.30920003741893,103.92781269211484,keep
48,20,93029,Mandarin Gdns,0,,52349.666666666664,1.30851455788092,103.92471047692146,keep
48,21,93019,Neptune Ct,0,,45731.0,1.30787614366531,103.92111718654822,keep
48,22,92089,Marine Terr Stn/Katong Convent,1,['Thomson-East Coast Line'],24849.0,1.3071917122941,103.91764721757994,keep
48,23,92079,Marine Terr Stn Exit 1,1,['Thomson-East Coast Line'],87686.66666666667,1.30684575808096,103.91574700260745,keep
48,24,92069,Tao Nan Sch,0,,50860.333333333336,1.30566306799291,103.9110051545323,keep
48,25,92059,Marine Pde Stn Exit 6,1,['Thomson-East Coast Line'],64656.333333333336,1.304086,103.907533,keep
48,26,92049,Marine Pde Stn/Parkway Pde,1,['Thomson-East Coast Line'],314812.3333333333,1.302999,103.905955,keep
48,27,92241,Amber Gdns,0,,65066.0,1.30178441800843,103.9009525469614,keep
48,28,92099,One Amber,0,,38093.333333333336,1.3023783312326,103.89900426571224,keep
48,29,82059,Bef Tg Katong Stn Exit 3,1,['Thomson-East Coast Line'],12860.333333333334,1.301379,103.897403,keep
48,31,1541,Bugis Stn Exit D,1,"['Downtown Line', 'East-West Line']",28951.666666666668,1.29886465442254,103.85734583628746,keep
48,32,7551,Fu Lu Shou Cplx,0,,72111.0,1.30171975809706,103.8546132267025,keep
48,33,7531,Rochor Stn,1,['Downtown Line'],124727.0,1.30365644370093,103.8525732326128,keep
48,34,40011,LITTLE INDIA STN EXIT A,0,,163194.0,1.30606411522588,103.84908751469008,keep
48,35,40271,Opp KK Women & Child Hosp,0,,11557.666666666666,1.30880664936794,103.8463464537845,keep
48,36,40021,BEF WINSTEDT RD,0,,18235.333333333332,1.311033889,103.8427911,keep
48,37,40031,Newton FC,0,,25081.333333333332,1.31178509472011,103.8409835964132,keep
48,38,40041,Newton Stn Exit C,1,"['North-South Line', 'Downtown Line']",63050.0,1.3137222313328,103.83809742560602,keep
48,39,40051,Balmoral Plaza,0,,57173.666666666664,1.31588,103.83632,keep
48,40,40111,Ferrell Residences,0,,37476.333333333336,1.31806499998598,103.83262555597636,keep
48,41,40071,Leng Kwang Baptist Ch,0,,21511.0,1.31918027796911,103.829213610999,keep
48,42,40081,STEVENS STN EXIT 1,0,,50763.333333333336,1.32012951912406,103.82605259642706,keep
48,43,40091,Bef Lewis Rd,0,,13193.666666666666,1.32101807290903,103.82350944419166,keep
48,44,41011,NUS Bt Timah Campus,0,,17654.333333333332,1.32235611101422,103.81891666700088,keep
48,45,41021,Botanic Gdns Stn,1,"['Circle Line ', 'Downtown Line']",98491.33333333331,1.32264999998361,103.81554000003176,keep
48,46,41119,Opp Lutheran Twrs,0,,16791.666666666668,1.32074221277671,103.8124537467894,remove
48,47,41109,Opp St. Margaret's Sec Sch,0,,11048.0,1.31944666701923,103.81052861101584,remove
48,48,11119,Farrer Rd Stn Exit A,1,['Circle Line '],84817.66666666667,1.31747833490912,103.80785606728588,keep
48,49,11109,Spanish Village,0,,43640.666666666664,1.31552472199926,103.80574305602846,keep
48,50,11099,Opp Leedon Green,0,,23673.333333333332,1.31305333300118,103.80437666697586,keep
48,51,11231,Aft Hyll on Holland,0,,22184.333333333332,1.31115316310297,103.80119919777994,keep
48,52,11419,Holland V Stn Exit A,1,['Circle Line '],87643.33333333333,1.31102981378085,103.79604399202724,keep
48,53,11389,Buona Vista CC,0,,55245.0,1.30906501014268,103.7929321687807,keep
48,54,11379,Buona Vista Ter,0,,3890.0,1.30917002463976,103.79236323128612,keep
48,55,11381,Blk 10A,0,,36832.333333333336,1.30841137865065,103.79328294102336,keep
48,56,11401,Holland V Stn/Blk12,1,['Circle Line '],86443.66666666667,1.30906722197973,103.79507444402137,keep
48,57,11239,Fairlodge,0,,26374.333333333332,1.31152857401616,103.80165517330278,keep
48,58,11091,Leedon Green,0,,26234.666666666668,1.31219444050072,103.80367378215983,keep
48,59,11101,Empress Rd Mkt/FC,0,,62219.0,1.31614971080385,103.80596012189226,keep
48,60,11111,Farrer Rd Stn Exit B,1,['Circle Line '],88510.66666666667,1.31780157259006,103.80771866952544,keep
48,61,41101,St. Margaret's Sec Sch,0,,18734.0,1.31908138967253,103.80921733406132,remove
48,62,41111,Lutheran Twrs,0,,12555.666666666666,1.32081170217365,103.81185140010722,remove
48,63,41029,Opp Botanic Gdns Stn,1,"['Circle Line ', 'Downtown Line']",47137.0,1.32333331915013,103.81630566925632,keep
48,64,41019,Aft Kheam Hock Rd,0,,14294.666666666666,1.32267444098276,103.8202523287724,remove
48,65,40099,Aft Dunkirk Ave,0,,7549.666666666667,1.32185235205471,103.82344007494515,remove
48,66,40089,AFT STEVENS STN EXIT 5,0,,17512.666666666668,1.320510556,103.8273903,remove
48,67,40079,Bef Swiss Cottage Est,0,,6106.0,1.3197216415795,103.8299145659947,remove
48,68,40119,Bef Goldhill Ave,0,,16979.333333333332,1.31889734253426,103.83249521257974,remove
48,69,40069,Anglo-Chinese Sch,0,,39176.333333333336,1.31830398893217,103.83435129198834,remove
48,70,40059,Chancery Ct,0,,13609.333333333334,1.31662138896806,103.83634361100415,remove
48,71,40049,Opp Newton Stn Exit C,1,"['North-South Line', 'Downtown Line']",28386.666666666668,1.31402305600959,103.83884638900086,keep
48,72,40039,Opp Newton FC,0,,24643.333333333332,1.31230305602353,103.8407255559936,remove
48,73,40029,Aft Makepeace Rd,0,,9378.333333333334,1.31142305600915,103.84265999998344,remove
48,74,40279,Kk Women & Children Hosp,0,,32848.0,1.30981925741503,103.8460393043403,remove
48,75,40019,Little India Stn,1,"['North-East Line', 'Downtown Line']",277053.6666666667,1.30664404460339,103.84920416709382,keep
48,76,7539,Bef Rochor Stn Exit B,1,['Downtown Line'],74826.66666666667,1.30461300741211,103.8520009720951,keep
48,77,7589,Ch of Our Lady of Lourdes,0,,35169.0,1.30320609782822,103.85549999983388,remove
48,78,1559,Village Hotel Bugis,0,,19263.0,1.30168731070562,103.85752923961614,remove
48,79,1549,Opp Duo Residences,0,,10157.666666666666,1.30069868861162,103.85873120467068,remove
48,80,82051,Aft Tg Katong Stn Exit 2,1,['Thomson-East Coast Line'],17227.666666666668,1.30079999936599,103.89740107761654,keep
48,81,92249,Opp Amber Gdns,0,,75807.0,1.30166304472072,103.9011814962942,keep
48,82,92041,Marine Pde Stn Exit 2,1,['Thomson-East Coast Line'],231700.66666666663,1.30327282994495,103.9058301337522,keep
48,83,92051,Marine Pde Stn Exit 4,1,['Thomson-East Coast Line'],44605.666666666664,1.30461834682389,103.90783296450576,keep
48,84,92061,CHIJ Katong Convent (Pr),0,,64060.666666666664,1.30585304722559,103.91059595623032,keep
48,85,92071,Marine Terr Stn Exit 4,1,['Thomson-East Coast Line'],86869.66666666667,1.306815,103.914746,keep
48,86,92081,St. Patrick's Sec Sch,0,,31975.0,1.30751338586806,103.91754269765208,keep
48,87,93011,Opp Neptune Ct,0,,36256.666666666664,1.30822971200422,103.92151900444856,keep
48,88,93021,Opp Mandarin Gdns,0,,42425.666666666664,1.30867772794032,103.92426998119755,keep
48,89,93031,Siglap Stn/Opp Victoria Sch,1,['Thomson-East Coast Line'],59334.0,1.30983637164414,103.92937539318253,keep
48,90,93041,Hua Xin Ct,0,,20145.0,1.31120679321816,103.9333999156994,keep
48,91,93139,Eastern Lagoon II,0,,22447.333333333332,1.31278641539067,103.9338525622476,keep
48,92,94011,Evergreen Gdn,0,,18889.666666666668,1.31438169513219,103.9351058006447,keep
48,93,94021,Bef Sennett Rd,0,,16153.0,1.31475174256228,103.93834590911956,keep
48,94,94031,The Summit,0,,51013.0,1.31504670788151,103.94089937209914,keep
48,95,94041,Aft Parbury Ave,0,,11799.0,1.31619439069366,103.94430577752212,keep
48,96,84679,Opp Blk 156,0,,24280.0,1.31804305599346,103.94476555602924,keep
48,97,84669,Blk 73,0,,55825.333333333336,1.31994111212465,103.94418156021838,keep
48,98,84109,Bef Bedok View Sec Sch,0,,56467.0,1.32350836424044,103.9441209521673,keep
48,99,85091,Tanah Merah Stn Exit B,1,"['East-West Line', 'East-West Line ']",307545.3333333333,1.32754912682416,103.9463611980576,keep
48,100,85051,Aft Jln Chempaka Kuning,0,,8038.333333333333,1.32956968334939,103.9488011598722,remove
48,101,85061,Opp Bedok Mkt Pl,0,,50481.666666666664,1.33146,103.94739,keep
48,102,85081,Bef Jln Pari Burong,0,,11827.666666666666,1.33292331447242,103.94719977411025,remove
48,103,85071,Bef Changi Fire Stn,0,,21770.666666666668,1.33407653133395,103.9498516702887,remove
48,104,84439,Opp Blk 3014,0,,16384.666666666668,1.33474732352614,103.95024017522437,remove
48,105,84299,Bedok Nth Depot,0,,2.6666666666666665,1.33800081413595,103.94750053856652,keep
63,1,82009,Eunos Int,1,['East-West Line'],161402.0,1.31933717157385,103.90180834139495,keep
63,2,82061,Eunos Stn/ Int,1,['East-West Line'],269591.3333333333,1.31876162629115,103.9022689641617,keep
63,3,83101,Eunos Stn,1,['East-West Line'],256581.0,1.32066709057479,103.90489836683336,keep
63,4,83111,Blk 17,0,,67226.0,1.32346854012914,103.90527311322876,keep
63,5,72011,Blk 322,0,,129784.0,1.32816499999482,103.90548361097667,keep
63,6,71099,Blk 311,0,,152124.0,1.33022638900189,103.9038336109893,keep
63,7,71139,Blk 302,0,,59222.666666666664,1.33054224737538,103.90087888738246,keep
63,8,71101,Blk 318,0,,25237.666666666668,1.3283069439771,103.902837222025,keep
63,9,71111,Blk 343,0,,60771.333333333336,1.3267052749653,103.9005869517766,keep
63,10,71201,Paya Ubi Ind Pk,0,,26162.333333333332,1.32612447781531,103.89795152582764,keep
63,11,71211,Ubi 55,0,,23604.333333333332,1.32546235545492,103.89525403753592,keep
63,12,71221,Meiban Ind Bldg,0,,5161.333333333333,1.32632177179998,103.89318347862556,keep
63,13,71169,Aztech Bldg,0,,59607.0,1.32706502989935,103.89217317535862,keep
63,14,70379,Opp Macpherson Stn Exit A,1,"['Circle Line', 'Downtown Line']",16320.333333333334,1.32604294133609,103.88933975894,keep
63,15,70201,OPP MACPHERSON STN EXIT D,0,,34243.333333333336,1.32461138902969,103.88885416699938,keep
63,16,70211,Blk 90,0,,94510.0,1.32362166702646,103.88696166698932,keep
63,17,70221,Blk 79 FC,0,,87121.66666666667,1.32620809233247,103.88512100988676,keep
63,18,70231,OPP MATTAR STN EXIT B,0,,48639.0,1.325842,103.884002,keep
63,19,70241,Aft Grace Baptist Ch,0,,19263.0,1.32525399997752,103.88199999996776,keep
63,20,70019,Blk 125,0,,74153.33333333333,1.32322990499562,103.88145725676176,keep
63,21,81099,Blk 102,0,,56126.0,1.31982276662398,103.88194665985093,keep
63,22,81089,Aljunied Stn,1,['East-West Line'],219722.33333333337,1.31628194302502,103.88202243551632,keep
63,23,80089,Bef Lor 18 Geylang,0,,198141.0,1.312658,103.880111,keep
63,24,80069,Opp Mohd Salleh Mque,0,,202979.33333333337,1.31214703288286,103.87715016317216,keep
63,25,80049,Aft Sims Way,0,,134124.0,1.31077707819718,103.87363663982292,keep
63,26,80039,Opp Lor 1 Geylang Ter,0,,16832.0,1.30992336177794,103.87144344651485,keep
63,27,80029,Bef Kg Bugis,0,,24373.0,1.3094187398083,103.86753497349068,keep
63,28,1339,Bef Crawford Bridge,0,,26810.0,1.30774601733202,103.8642627465441,keep
63,29,1329,Blk 8,0,,120655.66666666669,1.30495670239172,103.86363028484124,keep
63,30,1229,Bef Sultan Mque,0,,63756.333333333336,1.30337552638813,103.85963089198265,keep
63,31,1139,Bugis Stn/Parkview Sq,1,"['Downtown Line', 'East-West Line']",76521.66666666667,1.30033057855542,103.857160806659,keep
63,32,1039,Bugis Cube,0,,113748.66666666669,1.29820784139683,103.85549139837408,keep
63,33,1029,Opp Natl Lib,0,,63091.666666666664,1.2966729849642,103.85441422464268,keep
63,34,4168,Aft City Hall Stn Exit B,1,"['North-South Line', 'East-West Line']",70539.33333333333,1.29208221483052,103.85125994680256,keep
63,35,4249,Opp The Treasury,0,,74549.0,1.29043039362749,103.850262165082,keep
63,36,5029,Boat Quay,0,,71684.66666666667,1.28712283362119,103.84819780822524,keep
63,38,5131,Opp Hong Lim Cplx,0,,81476.66666666667,1.284073056,103.8453381,keep
63,39,5039,New Bridge Ctr,0,,276484.0,1.28293819129834,103.84254276754574,keep
63,40,5019,Aft Duxton Plain Pk,0,,36047.0,1.28118388885484,103.84105000000471,keep
63,41,6011,OUTRAM PK STN EXIT 7,0,,78419.66666666667,1.28165999996967,103.83801388886192,keep
63,42,6051,Blk 55,0,,83836.0,1.28475980959972,103.83405671725488,keep
63,43,10141,Blk 18,0,,102106.33333333331,1.28583847140468,103.83238179897587,keep
63,44,10151,Ctrl Green Condo,0,,57988.333333333336,1.28572048365401,103.8285292287095,keep
63,45,10161,Opp Tiong Bahru Stn/Plaza,1,['East-West Line'],425260.0,1.28593135445772,103.82668969231534,keep
63,46,10171,Opp Tiong Bahru Pk,0,,21010.666666666668,1.28736808047078,103.82346004890805,keep
63,47,10181,BEF AR-RABITAH MQUE,0,,62720.0,1.28850399420484,103.82109741719866,keep
63,48,10191,Blk 78,0,,93348.66666666669,1.28860026020096,103.81903121724014,keep
63,49,10481,Opp Blk 73,0,,19844.333333333332,1.28784195484767,103.81797160113337,keep
63,50,10459,Blk 72,0,,6554.0,1.28754723360397,103.81639920301684,keep
63,51,10429,Blk 54,0,,15974.666666666666,1.2892779060127,103.814048054222,keep
63,52,10419,Blk 52,0,,3773.6666666666665,1.28842024220748,103.81257549749508,keep
63,53,10409,Blk 50,0,,12639.333333333334,1.28788221830638,103.81099317775704,keep
63,54,10599,Opp Blk 36,0,,54134.333333333336,1.28883435010664,103.80924997344988,keep
63,55,10401,Shriro Hse,0,,10044.666666666666,1.28816729863,103.81167850401884,keep
63,56,10411,Opp Blk 53,0,,2796.3333333333335,1.28912979528004,103.81280840030112,keep
63,57,10421,Blk 63B,0,,22264.333333333332,1.288964,103.814975,keep
63,58,10451,Opp Blk 71,0,,5547.333333333333,1.28762380319765,103.8172559639682,keep
63,59,10489,Blk 73,0,,13170.333333333334,1.28811638897142,103.81778388900165,keep
63,60,10199,Delta Swim Cplx,0,,73643.66666666667,1.28875723330649,103.81936618662203,keep
63,61,10189,Blk 104A CP,0,,69999.66666666667,1.28858805222806,103.82183192865196,keep
63,62,10179,Tiong Bahru Pk,0,,17882.0,1.28722333302937,103.82395833301354,keep
63,63,10169,Tiong Bahru Stn/Plaza,1,['East-West Line'],508399.0,1.28599961406266,103.82748123930962,keep
63,64,10149,Blk 1,0,,114409.33333333331,1.28606797463712,103.83283384311112,keep
63,65,6049,BEF OUTRAM FLYOVER,0,,24426.666666666668,1.28474856880259,103.83517705055232,keep
63,66,6029,OUTRAM PK STN EXIT 1,0,,86437.0,1.28177041153491,103.8383828488293,keep
63,67,5013,Chinatown Stn Exit C,1,"['North-East Line', 'Downtown Line']",322693.6666666667,1.28406979945936,103.84299874303984,keep
63,68,5023,Opp Hong Lim Pk,0,,47167.0,1.28692928357498,103.84540375642476,keep
63,69,4222,Clarke Quay Stn Exit E,1,['North-East Line'],215243.0,1.28898962180798,103.84708976365567,keep
63,70,4142,Armenian Ch,0,,69199.66666666667,1.2930982644668,103.84965994500728,keep
63,71,1012,Hotel Grand Pacific,0,,68750.66666666667,1.29684825487647,103.85253591654006,keep
63,72,1112,Opp Bugis Stn Exit C,1,"['Downtown Line', 'East-West Line']",278070.0,1.30009212839081,103.85520027125814,keep
63,73,1121,Stamford Pr Sch,0,,87286.66666666667,1.30393809691048,103.85867999243207,keep
63,74,1211,Opp Blk 461,0,,110507.0,1.30551803523268,103.8605449516032,keep
63,75,1311,Lavender Stn Exit B,1,['East-West Line'],188306.66666666663,1.3070916463394,103.86219695240972,keep
63,76,80011,AFT PADANG JERINGAU,0,,53275.666666666664,1.30972720802554,103.86737828692956,keep
63,77,80031,Kallang Stn,1,['East-West Line'],169433.66666666666,1.31107705658993,103.8713149052975,keep
63,78,80051,Aft Lor 1 Geylang,0,,161250.66666666666,1.31251499997324,103.87326194447364,keep
63,79,80071,Yi Xiu Fty Bldg,0,,176112.0,1.31380009198455,103.8765539400638,keep
63,80,80091,Bef Lor 23 Geylang,0,,148050.33333333334,1.31489775184137,103.88095141640784,keep
63,81,81081,Opp Aljunied Stn,1,['East-West Line'],147252.0,1.31621665907428,103.88168156879212,keep
63,82,81091,Sims Urban Oasis,0,,51172.666666666664,1.31935333297674,103.88173111103306,keep
63,83,70011,Opp Blk 125,0,,19400.0,1.32317687661433,103.88116008329276,keep
63,84,70151,Aft Jln Anggerek,0,,17250.333333333332,1.32768374279565,103.8809633442231,keep
63,85,70161,OPP MATTAR STN EXIT A,0,,38869.333333333336,1.32758635490072,103.88324806418214,keep
63,86,70171,Blk 77,0,,80167.33333333333,1.32833666697134,103.8854713890276,keep
63,87,70181,Blk 36,0,,99549.33333333331,1.32886177068404,103.88691723349125,keep
63,88,70191,OPP BLK 66,0,,32121.0,1.327333,103.887875,keep
63,89,70371,Macpherson Stn Exit A,1,"['Circle Line', 'Downtown Line']",63463.0,1.32623288866609,103.88932330108936,keep
63,90,71161,Blk 3019,0,,40201.333333333336,1.32732994325917,103.89209147524538,keep
63,91,71229,Opp Meiban Ind Bldg,0,,5727.0,1.32623562632795,103.8933485973626,keep
63,92,71219,Ubi Techpark,0,,20317.333333333332,1.32554207103,103.89505220634288,keep
63,93,71209,Opp Paya Ubi Ind Pk,0,,22175.0,1.32608112825105,103.89720788120638,keep
63,94,71119,Opp Blk 343,0,,48576.0,1.32680124825187,103.90021869264116,keep
63,95,71109,Maha Bodhi Sch,0,,25074.0,1.32831828375817,103.90256616022272,keep
63,96,71131,Automobile Megamart,0,,39570.333333333336,1.33127510693644,103.90140378909662,keep
63,97,71091,Blk 637,0,,171842.33333333334,1.33073374785934,103.90373154551284,keep
63,98,72019,Opp Blk 322,0,,127545.0,1.32884628389091,103.90546507501656,keep
63,99,83119,Opp Blk 16,0,,90561.33333333331,1.32306974700238,103.90560762847844,keep
63,100,83109,Opp Eunos Stn,1,['East-West Line'],131159.0,1.32135678897249,103.90537221650077,keep
63,101,82069,Aft Lor 106 Changi,0,,134102.0,1.31709537499354,103.90295147896968,keep
63,102,82221,Blk 3A,0,,33141.333333333336,1.31760511655727,103.89900705591394,keep
63,103,82009,Eunos Int,1,['East-West Line'],161402.0,1.31933717157385,103.90180834139495,keep
858,1,46009,Woodlands Int,1,"['Thomson-East Coast Line', 'North-South Line']",3405250.3333333335,1.436946,103.785936,keep
858,2,46281,Blk 825,0,,41681.666666666664,1.43878695707764,103.79002589502426,keep
858,3,46391,Blk 853,0,,72529.66666666667,1.43921765358175,103.79299454006804,keep
858,4,46401,Blk 864,0,,17582.0,1.44088595099083,103.79545806673288,keep
858,5,46411,Blk 869,0,,50231.333333333336,1.44270591766599,103.79441916127092,keep
858,6,46461,Opp Blk 757A CP,0,,40767.666666666664,1.44659598354815,103.7935966189834,keep
858,7,46471,Opp Blk 773,0,,72144.0,1.44796931841747,103.79758820990358,keep
858,8,46481,Aft Woodlands Ind Pk E6,0,,47877.666666666664,1.44964404178885,103.8011125258027,keep
858,9,46731,Yew Huat Scaffolding Work,0,,20530.666666666668,1.44852127932275,103.8043021981092,keep
858,10,46741,Seagate,0,,18045.0,1.44632701434368,103.80719269495764,keep
858,11,47621,Aft Gambas Ave,0,,26162.333333333332,1.44689218119453,103.80982770058664,keep
858,12,58381,Blk 469B,0,,37203.0,1.44797049342873,103.81337787352544,keep
858,13,58229,Blk 358A CP,0,,21410.333333333332,1.44875084068886,103.8168059210019,keep
858,14,58219,Opp Sembawang Stn,1,['North-South Line'],218430.66666666663,1.44953463697186,103.8199297231716,keep
858,15,58159,Aft Admiral Hill,0,,15957.666666666666,1.44821708737482,103.82235611868522,keep
858,16,58109,Opp Blk 311,0,,22857.0,1.44667607916689,103.82309298513005,keep
858,17,58029,The Nautical,0,,21441.0,1.44315919415772,103.82398509211036,keep
858,18,58019,Aft Sembawang Shop Ctr,0,,70945.0,1.44085,103.824719,keep
858,19,57139,Aft Jln Kemuning,0,,15379.0,1.43795662145081,103.8255962797174,keep
858,20,57129,Blk 114,0,,93131.33333333331,1.43418656873084,103.82641445936883,keep
858,21,57119,Blk 101,0,,190808.0,1.43130257113028,103.82688773076856,keep
858,22,59119,Opp Blk 701A,0,,161536.33333333334,1.43037444021889,103.82794865433571,keep
858,23,59149,Blk 145,0,,53071.0,1.43061861098729,103.83218000002928,keep
858,24,59073,Opp Yishun Stn,1,['North-South Line'],419215.0,1.42868146490253,103.83546942999692,keep
858,25,59069,Opp Blk 757,0,,130614.33333333331,1.42657294826877,103.83536957259516,keep
858,26,59619,Yishun Community Hosp,0,,67115.0,1.42335199999945,103.83687299997104,keep
858,27,59059,Blk 608,0,,117542.0,1.42054602879781,103.83497942324875,keep
858,28,59049,Opp Khatib Stn,1,['North-South Line'],338930.3333333333,1.41700998157675,103.83339984073773,keep
858,29,59039,Yishun Sports Hall,0,,50028.666666666664,1.41342871609658,103.8315630055702,keep
858,30,59029,Aft Yishun Ave 1,0,,4048.0,1.40885843406387,103.82924769115782,keep
858,31,59019,Aft Sg Seletar Bridge,0,,7830.0,1.403681,103.82751,keep
858,32,55289,LP 94,0,,1234.3333333333333,1.39844339285315,103.82903916367646,keep
858,33,68111,Bef Seletar Camp G,0,,156043.33333333334,1.40222194447692,103.87138805557646,keep
858,34,65199,Aft Punggol Rd,0,,671213.3333333334,1.39591721161169,103.90542736761212,keep
858,35,95151,Airport Police Stn,0,,88523.0,1.34209640049942,103.98181795541136,keep
858,36,95011,Aft Aircraft Flyover,0,,11354.0,1.34719486317101,103.98406055558527,keep
858,37,95109,Changi Airport Ter 3,0,,319631.0,1.35650049529119,103.986352337828,keep
858,38,95029,Changi Airport Ter 1,0,,423749.3333333333,1.36126748727797,103.99069984684058,keep
858,39,95129,Changi Airport Ter 2,0,,147354.33333333334,1.35509298857124,103.9892195407387,keep
858,40,95019,Aft Changi Airport Ter 2,0,,21389.666666666668,1.34794299896363,103.98488339642644,keep
858,41,95159,Near SATS Flight Kitchen,0,,74118.66666666667,1.34191465289349,103.98225051798303,keep
858,42,65191,Bef Punggol Rd,0,,722534.0,1.39527356921611,103.90539999997036,keep
858,43,68119,Aft Seletar Camp G,0,,152471.0,1.402186,103.872168,keep
858,44,55281,Aft SLE,0,,872.6666666666666,1.39813695687252,103.8288132424982,keep
858,45,59011,Bef Sg Seletar Bridge,0,,7933.333333333333,1.401439,103.827464,keep
858,46,59021,Bef Yishun Ave 1,0,,5107.333333333333,1.40922833847299,103.82908330455544,keep
858,47,59031,Opp Yishun Sports Hall,0,,51788.333333333336,1.41277747172151,103.83083958669692,keep
858,48,59041,Bef Khatib Stn,1,['North-South Line'],408315.3333333333,1.41625420109094,103.832591612732,keep
858,49,59051,Blk 790,0,,119571.0,1.41968270185637,103.83429674432548,keep
858,50,59611,Opp Yishun Community Hosp,0,,45380.333333333336,1.42362582861812,103.83666744952644,keep
858,51,59061,Blk 763,0,,65908.33333333333,1.42556399229911,103.83495820649408,keep
858,52,59079,Yishun Stn,1,['North-South Line'],414973.6666666667,1.42926606883551,103.83516195358482,keep
858,53,59141,Blk 741,0,,61159.666666666664,1.43034383196416,103.83275541050214,keep
858,54,59111,Blk 701,0,,254103.66666666663,1.43016395103424,103.82888452126694,keep
858,55,57111,Opp Blk 101,0,,66806.0,1.43123622644607,103.82654938929034,keep
858,56,57121,Opp Blk 115B,0,,34221.666666666664,1.43345083292583,103.82631132424072,keep
858,57,57131,Opp Jln Kemuning,0,,21448.0,1.43808413802489,103.82529753316932,keep
858,58,58011,Opp Sembawang Shop Ctr,0,,78181.33333333333,1.44135611418225,103.82418746836298,keep
858,59,58021,Opp The Nautical,0,,14168.0,1.44324136994568,103.82367863032862,keep
858,60,58101,Blk 311,0,,32688.333333333332,1.44667277800811,103.82282277802054,keep
858,61,58151,Bef Sembawang Stn,1,['North-South Line'],26853.333333333332,1.44835904274406,103.82201343608212,keep
858,62,58211,Sembawang Stn,1,['North-South Line'],325084.6666666667,1.44926202582359,103.81979401898032,keep
858,63,58221,Blk 339 CP,0,,18432.333333333332,1.44859264769928,103.81706577986397,keep
858,64,58389,Opp Blk 469B,0,,31370.666666666668,1.44773992017207,103.8135666814871,keep
858,65,47629,Seagate,0,,25096.0,1.44667808186871,103.80985736845513,keep
858,66,46749,Opp Seagate,0,,26004.666666666668,1.44598746959694,103.80719081852185,keep
858,67,46739,BLK 782,0,,22982.666666666668,1.44847350274561,103.804003380222,keep
858,68,46489,Aft Gambas Ave,0,,85718.0,1.44952095631928,103.80160651744906,keep
858,69,46479,Blk 774,0,,65913.0,1.44796869795143,103.79840963198184,keep
858,70,46469,Blk 759,0,,41859.333333333336,1.44668865905093,103.79491852510796,keep
858,71,46419,Evergreen Pr Sch,0,,71414.66666666667,1.44379,103.79386,keep
858,72,46409,Blk 701A CP,0,,15509.666666666666,1.44063323115091,103.79570596322442,keep
858,73,46399,Aft 888 Plaza,0,,111752.66666666669,1.43896035246776,103.79423705109248,keep
858,74,46289,Blk 891C CP,0,,60164.0,1.43872239825648,103.79091198323174,keep
858,75,46009,Woodlands Int,1,"['Thomson-East Coast Line', 'North-South Line']",3405250.3333333335,1.436946,103.785936,keep
966,1,46009,Woodlands Int,1,"['Thomson-East Coast Line', 'North-South Line']",3405250.3333333335,1.436946,103.785936,keep
966,2,46549,Blk 347,0,,54493.666666666664,1.43319818915334,103.7812567265195,keep
966,3,46539,Blk 320,0,,71441.33333333333,1.43209962904173,103.7782236553492,keep
966,4,46529,Opp Marsiling Stn,1,['North-South Line'],192490.66666666663,1.43208152770031,103.77459689006626,keep
966,5,46491,Blk 402,0,,13775.0,1.43188974761143,103.77200799456398,keep
966,6,44269,Blk 223,0,,228599.0,1.37577833299245,103.77422500002577,keep
966,7,44229,Bef Pending Stn,0,,155286.33333333334,1.37656055754166,103.771459794786,keep
966,8,44371,Blk 219,0,,21073.666666666668,1.37402225721945,103.77263963002856,keep
966,9,44381,Blk 202,0,,31920.0,1.37242134216992,103.77441361028244,keep
966,10,44351,Aft Chestnut Ave,0,,33309.666666666664,1.36823452426378,103.77558853634072,keep
966,11,44361,Opp Dairy Farm Mall,0,,25106.333333333332,1.36645894982356,103.77558768232716,keep
966,12,51091,Opp Catholic JC,0,,37220.333333333336,1.32648060854916,103.83401870730576,keep
966,13,51101,Bef Thomson Flyover,0,,8554.333333333334,1.32753637537789,103.83724817699014,keep
966,14,52071,Trellis Twrs,0,,219472.66666666663,1.32991416932901,103.8438184322432,keep
966,15,52081,Aft Blk 195,0,,116737.0,1.33081389290944,103.8608407974236,keep
966,16,60081,St. Andrew'S Village,0,,97953.33333333331,1.32931226062177,103.8662910461625,keep
966,17,60071,Kolam Ayer Ind Est,0,,27021.666666666668,1.32719924782732,103.87028217319148,keep
966,18,60061,Aft Infineon,0,,26881.666666666668,1.32276521075674,103.87402134422793,keep
966,19,83119,Opp Blk 16,0,,90561.33333333331,1.32306974700238,103.90560762847844,keep
966,20,83109,Opp Eunos Stn,1,['East-West Line'],131159.0,1.32135678897249,103.90537221650077,keep
966,21,83299,Aft Lor G Telok Kurau,0,,50250.0,1.31574389673514,103.90586328314892,keep
966,22,83319,Aft Lor J Telok Kurau,0,,19337.0,1.31268833645873,103.90714010649674,keep
966,23,83309,Aft Still Lane,0,,19831.0,1.31045482788745,103.90806851700532,keep
966,24,92279,D'Ecosia,0,,17972.666666666668,1.30633786714639,103.90964863731638,keep
966,25,92059,Marine Pde Stn Exit 6,1,['Thomson-East Coast Line'],64656.333333333336,1.304086,103.907533,keep
966,26,92049,Marine Pde Stn/Parkway Pde,1,['Thomson-East Coast Line'],314812.3333333333,1.302999,103.905955,keep
966,27,92041,Marine Pde Stn Exit 2,1,['Thomson-East Coast Line'],231700.66666666663,1.30327282994495,103.9058301337522,keep
966,28,92051,Marine Pde Stn Exit 4,1,['Thomson-East Coast Line'],44605.666666666664,1.30461834682389,103.90783296450576,keep
966,29,92271,Opp D'Ecosia,0,,17106.0,1.30610999016148,103.90952850508972,keep
966,30,83301,Aft East Coast Rd,0,,26353.666666666668,1.30887166700305,103.90817888897894,keep
966,31,83311,Aft Lor Nangka,0,,20971.0,1.31241970275404,103.90692990251456,keep
966,32,83291,Aft Joo Chiat Pl,0,,38112.666666666664,1.31473309387158,103.90589521764188,keep
966,33,83101,Eunos Stn,1,['East-West Line'],256581.0,1.32066709057479,103.90489836683336,keep
966,34,83111,Blk 17,0,,67226.0,1.32346854012914,103.90527311322876,keep
966,35,60069,Kallang Basin Swim Cplx,0,,24378.0,1.32335935195255,103.87256741522512,keep
966,36,60079,Bef Bendemeer Rd,0,,14598.0,1.32685601711017,103.86950969695144,keep
966,37,60089,Opp St. Andrew'S Village,0,,135725.66666666666,1.32865054961465,103.86615967295366,keep
966,38,52089,Opp Blk 195,0,,105087.33333333331,1.32991690265608,103.86027368842302,keep
966,39,52079,Opp Trellis Twrs,0,,193307.33333333337,1.32931477158443,103.84382885735748,keep
966,40,51099,Catholic JC,0,,45143.333333333336,1.325881667006,103.8345342161876,keep
966,41,44369,Dairy Farm Mall,0,,30609.333333333332,1.36574284265165,103.7753149073364,keep
966,42,44359,Bef Chestnut Ave,0,,22030.333333333332,1.36772582083696,103.77530877476856,keep
966,43,44389,Opp Blk 201,0,,23198.0,1.37154303506556,103.77461859337586,keep
966,44,44379,Opp Blk 219,0,,16111.666666666666,1.37355053515267,103.77293526626733,keep
966,45,44221,Opp Pending Stn,0,,150988.33333333334,1.3762995851872,103.77099428887408,keep
966,46,44261,Blk 270,0,,225170.66666666663,1.3760822219899,103.774277778025,keep
966,47,46499,Opp Blk 402,0,,42156.0,1.4322913388299,103.77219638823968,keep
966,48,46521,Marsiling Stn,1,['North-South Line'],464504.3333333333,1.43237833345523,103.77429333367095,keep
966,49,46531,Blk 173,0,,77956.0,1.43240249999047,103.77751138903017,keep
966,50,46541,Marsiling Mall,0,,106946.0,1.43328331503309,103.78083569681785,keep
966,51,46009,Woodlands Int,1,"['Thomson-East Coast Line', 'North-South Line']",3405250.3333333335,1.436946,103.785936,keep
